AsOfDate,ClientNum,ClientLega,ClientMID,ClientPAd,ClientPAd1,ClientPAd2,ClientPAd3,ClientPAd4,ClientPAd5,ClientPAd6,ClientSinc,ClientCity,ClientStat,ClientCoun,ClientZip,MType,SalesChannel
3/11/2024,,222 BIZ 3 LLC,CM-555987,123 Business St,,,,,,,,Chicago,IL,US,60601,,
3/11/2024,,222 COMPANIES,CM-554832,123 Business St,,,,,,,,Chicago,IL,US,60601,,
3/11/2024,,305 COLLECTIVE LLC,CM-72984113789000,123 Business St,,,,,,,,Chicago,IL,US,60601,,
3/11/2024,,314 LA BREA LLC,CM-5680005369,123 Business St,,,,,,,,Chicago,IL,US,60601,,
3/11/2024,,413 LLC,CM-42034751,123 Business St,,,,,,,,Chicago,IL,US,60601,,
3/11/2024,,7 POINT DISPENSARY INC,CM-12489002614155,123 Business St,,,,,,,,Chicago,IL,US,60601,,
3/11/2024,,716 CANNABIS LLC,CM-00016443600102,123 Business St,,,,,,,,Chicago,IL,US,60601,,
3/11/2024,,99 HIGH TIDE INC,CM-20000124,123 Business St,,,,,,,,Chicago,IL,US,60601,,
3/11/2024,,A&M LLC,CM-70338701,123 Business St,,,,,,,,Chicago,IL,US,60601,,
3/11/2024,,ADVANCED ALTERNATIVE,CM-300000111251670,123 Business St,,,,,,,,Chicago,IL,US,60601,,
3/11/2024,,ALTERNATE HEALTH COLLE,CM-006858558158,123 Business St,,,,,,,,Chicago,IL,US,60601,,
3/11/2024,,AMNESIA DISPENSARY,CM-70377200,123 Business St,,,,,,,,Chicago,IL,US,60601,,
3/11/2024,,ANGEL CITY INVESTMENT,CM-5110004677,123 Business St,,,,,,,,Chicago,IL,US,60601,,
3/11/2024,,APOGEE BLACKWOOD,CM-101976574075,123 Business St,,,,,,,,Chicago,IL,US,60601,,
3/11/2024,,APOGEE GARDEN,CM-101761176244,123 Business St,,,,,,,,Chicago,IL,US,60601,,
3/11/2024,,APOGEE GARDEN,CM-101021037722,123 Business St,,,,,,,,Chicago,IL,US,60601,,
3/11/2024,,APOGEE GARDENS BUTTE,CM-101824494360,123 Business St,,,,,,,,Chicago,IL,US,60601,,
3/11/2024,,APOGEE GARDENS LIVINGS,CM-101449926330,123 Business St,,,,,,,,Chicago,IL,US,60601,,
3/11/2024,,Atlantic Farms LLC,CM-71450730100816,123 Business St,,,,,,,,Chicago,IL,US,60601,,
3/11/2024,,BCR MASTER,CM-1900008379288,123 Business St,,,,,,,,Chicago,IL,US,60601,,
3/11/2024,,BCR RETAIL GRANDVIEW L,CM-1900008379273,123 Business St,,,,,,,,Chicago,IL,US,60601,,
3/11/2024,,BELEAF MEDICAL,CM-1134112,123 Business St,,,,,,,,Chicago,IL,US,60601,,
3/11/2024,,BELEAF MEDICAL,CM-1134139,123 Business St,,,,,,,,Chicago,IL,US,60601,,
3/11/2024,,BELEAF MEDICAL,CM-1134120,123 Business St,,,,,,,,Chicago,IL,US,60601,,
3/11/2024,,BELEAF MEDICAL,CM-1134147,123 Business St,,,,,,,,Chicago,IL,US,60601,,
3/11/2024,,BELEAF MEDICAL,CM-1137685,123 Business St,,,,,,,,Chicago,IL,US,60601,,
3/11/2024,,BK EXOTIC OUTLET LLC,CM-43132340,123 Business St,,,,,,,,Chicago,IL,US,60601,,
3/11/2024,,BLOSSOM FLOWER LLC,CM-591953271,123 Business St,,,,,,,,Chicago,IL,US,60601,,
3/11/2024,,BORU CO,CM-5680006052,123 Business St,,,,,,,,Chicago,IL,US,60601,,
3/11/2024,,BROKEN ARROW HERBAL CE,CM-2652626264,123 Business St,,,,,,,,Chicago,IL,US,60601,,
3/11/2024,,CANNA VENTURES LLC,CM-302080903,123 Business St,,,,,,,,Chicago,IL,US,60601,,
3/11/2024,,CAT ROCK CAURD LLC,CM-43132901,123 Business St,,,,,,,,Chicago,IL,US,60601,,
3/11/2024,,"CATALYST RETAIL, LLC",CM-7300011421,123 Business St,,,,,,,,Chicago,IL,US,60601,,
3/11/2024,,CHA ENTERPRISES INC.,CM-4210033488,123 Business St,,,,,,,,Chicago,IL,US,60601,,
3/11/2024,,CHILLAX LLC,CM-13093854,123 Business St,,,,,,,,Chicago,IL,US,60601,,
3/11/2024,,CHILLAX LLC 1,CM-13094835,123 Business St,,,,,,,,Chicago,IL,US,60601,,
3/11/2024,,CJK INC,CM-2652626272,123 Business St,,,,,,,,Chicago,IL,US,60601,,
3/11/2024,,CLUBHOUSE AGENCY,CM-325188983339,123 Business St,,,,,,,,Chicago,IL,US,60601,,
3/11/2024,,CMC CANNABIS,CM-7300011033,123 Business St,,,,,,,,Chicago,IL,US,60601,,
3/11/2024,,CREAM CANNABIS COMPANY,CM-19018491,123 Business St,,,,,,,,Chicago,IL,US,60601,,
3/11/2024,,"DANKORAGE, LLC",CM-200000017632,123 Business St,,,,,,,,Chicago,IL,US,60601,,
3/11/2024,,DEALERSHIP II LLC,CM-1829545,123 Business St,,,,,,,,Chicago,IL,US,60601,,
3/11/2024,,DEEP SKY,CM-1400006711143,123 Business St,,,,,,,,Chicago,IL,US,60601,,
3/11/2024,,DEL MUNDO LLC,CM-70211582,123 Business St,,,,,,,,Chicago,IL,US,60601,,
3/11/2024,,DIVINE 1 LLC,CM-13092873,123 Business St,,,,,,,,Chicago,IL,US,60601,,
3/11/2024,,DIVINE1 Seymour,CM-13094817,123 Business St,,,,,,,,Chicago,IL,US,60601,,
3/11/2024,,DRGREENRX,CM-1600000228980,123 Business St,,,,,,,,Chicago,IL,US,60601,,
3/11/2024,,Divine 1 NORWICH,CM-13095447,123 Business St,,,,,,,,Chicago,IL,US,60601,,
3/11/2024,,ECCWH LLC,CM-5410012735,123 Business St,,,,,,,,Chicago,IL,US,60601,,
3/11/2024,,EK GREEN LLC,CM-70315450,123 Business St,,,,,,,,Chicago,IL,US,60601,,
3/11/2024,,EMERALD PERSPECTIVE CO,CM-528306315,123 Business St,,,,,,,,Chicago,IL,US,60601,,
3/11/2024,,EUPHORIUM LLC,CM-13091919,123 Business St,,,,,,,,Chicago,IL,US,60601,,
3/11/2024,,F5 MED LLC PEORIA,CM-3145026,123 Business St,,,,,,,,Chicago,IL,US,60601,,
3/11/2024,,F5 MED LLC RIVERSIDE,CM-3168395,123 Business St,,,,,,,,Chicago,IL,US,60601,,
3/11/2024,,F5 MED LLC SHERIDAN,CM-3152049,123 Business St,,,,,,,,Chicago,IL,US,60601,,
3/11/2024,,FARMINGTON CRAFT LLC,CM-70352321,123 Business St,,,,,,,,Chicago,IL,US,60601,,
3/11/2024,,FLORA VERDE LLC,CM-1400006702540,123 Business St,,,,,,,,Chicago,IL,US,60601,,
3/11/2024,,FRESH KARMA - ST JOSEP,CM-106200366,123 Business St,,,,,,,,Chicago,IL,US,60601,,
3/11/2024,,FUTURE MONEY IO,CM-200000702057,123 Business St,,,,,,,,Chicago,IL,US,60601,,
3/11/2024,,G2 DISPENSARY,CM-9000953070,123 Business St,,,,,,,,Chicago,IL,US,60601,,
3/11/2024,,GE GRANADA HILLS INC,CM-5110004495,123 Business St,,,,,,,,Chicago,IL,US,60601,,
3/11/2024,,GMDSS LLC,CM-5000229340,123 Business St,,,,,,,,Chicago,IL,US,60601,,
3/11/2024,,GMIT LIC,CM-20054938,123 Business St,,,,,,,,Chicago,IL,US,60601,,
3/11/2024,,GOLDEN DOOR DISPENSARY,CM-13093863,123 Business St,,,,,,,,Chicago,IL,US,60601,,
3/11/2024,,"GOOD GRADES, LLC",CM-42963699,123 Business St,,,,,,,,Chicago,IL,US,60601,,
3/11/2024,,GOTHAM CAURD LLC,CM-000042962978,123 Business St,,,,,,,,Chicago,IL,US,60601,,
3/11/2024,,GREEN AND RANDLE LLC 2,CM-593080,123 Business St,,,,,,,,Chicago,IL,US,60601,,
3/11/2024,,GREEN EARTH VITALITY C,CM-004151444710,123 Business St,,,,,,,,Chicago,IL,US,60601,,
3/11/2024,,GREEN ROOM PALM SPRING,CM-72980613983000,123 Business St,,,,,,,,Chicago,IL,US,60601,,
3/11/2024,,GREEN SKIES - ILLINOIS,CM-1143873,123 Business St,,,,,,,,Chicago,IL,US,60601,,
3/11/2024,,GREENHOUSE ORGANICS,CM-4009147,123 Business St,,,,,,,,Chicago,IL,US,60601,,
3/11/2024,,GREENSOUL ORGANICS LLC,CM-592193066,123 Business St,,,,,,,,Chicago,IL,US,60601,,
3/11/2024,,Garden State Natural G,CM-1270206387,123 Business St,,,,,,,,Chicago,IL,US,60601,,
3/11/2024,,HACKETTSTOWN,CM-000042884373,123 Business St,,,,,,,,Chicago,IL,US,60601,,
3/11/2024,,HALF ISLAND FLAVORS,CM-12489002621467,123 Business St,,,,,,,,Chicago,IL,US,60601,,
3/11/2024,,"HAZED OWOSSO, LLC",CM-000133753110,123 Business St,,,,,,,,Chicago,IL,US,60601,,
3/11/2024,,HERBAL IQ INC,CM-1109410831,123 Business St,,,,,,,,Chicago,IL,US,60601,,
3/11/2024,,HIGH STAKES LEAFERY LL,CM-0615779388,123 Business St,,,,,,,,Chicago,IL,US,60601,,
3/11/2024,,HIGH STREET D,CM-4101403410,123 Business St,,,,,,,,Chicago,IL,US,60601,,
3/11/2024,,HOUSTON GRASS LLC,CM-1130000154588,123 Business St,,,,,,,,Chicago,IL,US,60601,,
3/11/2024,,HUGS ALTERNATIVE CARE,CM-528592489,123 Business St,,,,,,,,Chicago,IL,US,60601,,
3/11/2024,,HUMBLE ROOTS LLC,CM-13093836,123 Business St,,,,,,,,Chicago,IL,US,60601,,
3/11/2024,,Herbal Solutions South,CM-5406367028,123 Business St,,,,,,,,Chicago,IL,US,60601,,
3/11/2024,,High Street Dispensary,CM-9000776063,123 Business St,,,,,,,,Chicago,IL,US,60601,,
3/11/2024,,IGADI LTD,CM-0512816989,123 Business St,,,,,,,,Chicago,IL,US,60601,,
3/11/2024,,ILLINOIS CANNABIS COMP,CM-593102,123 Business St,,,,,,,,Chicago,IL,US,60601,,
3/11/2024,,INDUS 365 LLC,CM-300020295,123 Business St,,,,,,,,Chicago,IL,US,60601,,
3/11/2024,,INDUS365 BELLEVILLE,CM-307532911,123 Business St,,,,,,,,Chicago,IL,US,60601,,
3/11/2024,,INDUS365 LINCOLN LLC,CM-300023810,123 Business St,,,,,,,,Chicago,IL,US,60601,,
3/11/2024,,INDUS365 OLIVE BRANCH,CM-309902451,123 Business St,,,,,,,,Chicago,IL,US,60601,,
3/11/2024,,JANANII LLC,CM-13094844,123 Business St,,,,,,,,Chicago,IL,US,60601,,
3/11/2024,,"JAR CAPITAL, LLC",CM-557892,123 Business St,,,,,,,,Chicago,IL,US,60601,,
3/11/2024,,JARS VENTURES 16 LLC,CM-562325,123 Business St,,,,,,,,Chicago,IL,US,60601,,
3/11/2024,,JOE WOJCIK & JOE CALAN,CM-70329230,123 Business St,,,,,,,,Chicago,IL,US,60601,,
3/11/2024,,L EAGLE SERVICES,CM-70251479,123 Business St,,,,,,,,Chicago,IL,US,60601,,
3/11/2024,,"LACE MARKETING, LLC",CM-655973920,123 Business St,,,,,,,,Chicago,IL,US,60601,,
3/11/2024,,LEAVE IT TO NATURE,CM-528592596,123 Business St,,,,,,,,Chicago,IL,US,60601,,
3/11/2024,,LINK ROCK FALLS,CM-101104820959,123 Business St,,,,,,,,Chicago,IL,US,60601,,
3/11/2024,,METRO 1996 LLC,CM-5410015092,123 Business St,,,,,,,,Chicago,IL,US,60601,,
3/11/2024,,MICHIGAN ASPIRE III LL,CM-1030007506212,123 Business St,,,,,,,,Chicago,IL,US,60601,,
3/11/2024,,MICHIGAN ASPIRE IV,CM-1030007588244,123 Business St,,,,,,,,Chicago,IL,US,60601,,
3/11/2024,,MINDSCAPE VENTURES LLC,CM-1400006766170,123 Business St,,,,,,,,Chicago,IL,US,60601,,
3/11/2024,,MIRAMAR PROFESSIONAL,CM-8000058432,123 Business St,,,,,,,,Chicago,IL,US,60601,,
3/11/2024,,MISSOURI WILD ALCHEMY,CM-01138746,123 Business St,,,,,,,,Chicago,IL,US,60601,,
3/11/2024,,MJ DISPENSARY LLC,CM-70328382,123 Business St,,,,,,,,Chicago,IL,US,60601,,
3/11/2024,,MOCO VENTURES LLC,CM-5680008181,123 Business St,,,,,,,,Chicago,IL,US,60601,,
3/11/2024,,NATURE'S MEDICINES INC,CM-13092846,123 Business St,,,,,,,,Chicago,IL,US,60601,,
3/11/2024,,NATURES MEDICINE,CM-13092837,123 Business St,,,,,,,,Chicago,IL,US,60601,,
3/11/2024,,NATURES MEDICINES INC,CM-13092828,123 Business St,,,,,,,,Chicago,IL,US,60601,,
3/11/2024,,NATURES SECRET,CM-1400006674624,123 Business St,,,,,,,,Chicago,IL,US,60601,,
3/11/2024,,NEW MADRID DISPENSARY,CM-1157740,123 Business St,,,,,,,,Chicago,IL,US,60601,,
3/11/2024,,NIYAWILL LLC,CM-376719765,123 Business St,,,,,,,,Chicago,IL,US,60601,,
3/11/2024,,NORTH COUNTRY ROOTS IN,CM-591862406,123 Business St,,,,,,,,Chicago,IL,US,60601,,
3/11/2024,,NORTHSTAR MARYSVILLE,CM-528592729,123 Business St,,,,,,,,Chicago,IL,US,60601,,
3/11/2024,,NOURISH EARTH LLC,CM-528632740,123 Business St,,,,,,,,Chicago,IL,US,60601,,
3/11/2024,,NUG HOLDINGS ONE LLC,CM-528582327,123 Business St,,,,,,,,Chicago,IL,US,60601,,
3/11/2024,,Natures Health and Wel,CM-592585,123 Business St,,,,,,,,Chicago,IL,US,60601,,
3/11/2024,,OG RETAIL,CM-71450730133486,123 Business St,,,,,,,,Chicago,IL,US,60601,,
3/11/2024,,ON POINT CANNABIS INC,CM-00016242440103,123 Business St,,,,,,,,Chicago,IL,US,60601,,
3/11/2024,,ORANGE COUNTY,CM-12000100161712,123 Business St,,,,,,,,Chicago,IL,US,60601,,
3/11/2024,,ORANGE COUNTY CANNABIS,CM-99430705,123 Business St,,,,,,,,Chicago,IL,US,60601,,
3/11/2024,,ORGANIC GOODS LLC,CM-71450730133452,123 Business St,,,,,,,,Chicago,IL,US,60601,,
3/11/2024,,PERFECT UNION,CM-528592694,123 Business St,,,,,,,,Chicago,IL,US,60601,,
3/11/2024,,PERFECT UNION - TURLOC,CM-528592854,123 Business St,,,,,,,,Chicago,IL,US,60601,,
3/11/2024,,PERFECT UNION NAPA,CM-528592809,123 Business St,,,,,,,,Chicago,IL,US,60601,,
3/11/2024,,PERFECT UNION WOODLAND,CM-528838699,123 Business St,,,,,,,,Chicago,IL,US,60601,,
3/11/2024,,PHULA LLC,CM-9000782706,123 Business St,,,,,,,,Chicago,IL,US,60601,,
3/11/2024,,PREMIER EARTH CORP,CM-8011000125,123 Business St,,,,,,,,Chicago,IL,US,60601,,
3/11/2024,,QUEEN CITY REMEDIES,CM-000042495644,123 Business St,,,,,,,,Chicago,IL,US,60601,,
3/11/2024,,RAVEN DISPENSARIES LLC,CM-623729002,123 Business St,,,,,,,,Chicago,IL,US,60601,,
3/11/2024,,RCP MARYSVILLE,CM-528592863,123 Business St,,,,,,,,Chicago,IL,US,60601,,
3/11/2024,,REEFER MADNESS LLC,CM-5410013477,123 Business St,,,,,,,,Chicago,IL,US,60601,,
3/11/2024,,RELEAF NEWTON LLC,CM-221283512,123 Business St,,,,,,,,Chicago,IL,US,60601,,
3/11/2024,,"REMEDI,LLC",CM-554824,123 Business St,,,,,,,,Chicago,IL,US,60601,,
3/11/2024,,RIVER CITY PHOENIX,CM-528592943,123 Business St,,,,,,,,Chicago,IL,US,60601,,
3/11/2024,,ROUND HOUSE RESERVE L,CM-20066429,123 Business St,,,,,,,,Chicago,IL,US,60601,,
3/11/2024,,ROUND HOUSE RESERVE LL,CM-20042891,123 Business St,,,,,,,,Chicago,IL,US,60601,,
3/11/2024,,ROYAL HIGHNESS LLC,CM-1136073,123 Business St,,,,,,,,Chicago,IL,US,60601,,
3/11/2024,,ROYAL HIGHNESS PC2,CM-1137673,123 Business St,,,,,,,,Chicago,IL,US,60601,,
3/11/2024,,S.T. CONSULTING,CM-0710000654,123 Business St,,,,,,,,Chicago,IL,US,60601,,
3/11/2024,,SCORE 420 LLC,CM-1400006782816,123 Business St,,,,,,,,Chicago,IL,US,60601,,
3/11/2024,,SHIFT PAYMENTS,CM-662568333,123 Business St,,,,,,,,Chicago,IL,US,60601,,
3/11/2024,,SHIFT REGISTRY LLC,CM-501025230972,123 Business St,,,,,,,,Chicago,IL,US,60601,,
3/11/2024,,SOODAKS INC,CM-43132391,123 Business St,,,,,,,,Chicago,IL,US,60601,,
3/11/2024,,SPMI LLC 1,CM-562710,123 Business St,,,,,,,,Chicago,IL,US,60601,,
3/11/2024,,STAR BUDZ FLINT LLC 0,CM-141984110,123 Business St,,,,,,,,Chicago,IL,US,60601,,
3/11/2024,,STAR BUDZ PROVISIONING,CM-113474,123 Business St,,,,,,,,Chicago,IL,US,60601,,
3/11/2024,,STRAIN STARS LLC,CM-42964482,123 Business St,,,,,,,,Chicago,IL,US,60601,,
3/11/2024,,TAHOE WELLNESS CENTER,CM-1600000227800,123 Business St,,,,,,,,Chicago,IL,US,60601,,
3/11/2024,,"TAMA VENTURES, LLC",CM-1136673,123 Business St,,,,,,,,Chicago,IL,US,60601,,
3/11/2024,,"TC APPLICO, LLC",CM-2032860,123 Business St,,,,,,,,Chicago,IL,US,60601,,
3/11/2024,,"TC MI ANN ARBOR 2, LLC",CM-7476674,123 Business St,,,,,,,,Chicago,IL,US,60601,,
3/11/2024,,TEMESCAL WELLNESS,CM-591662575,123 Business St,,,,,,,,Chicago,IL,US,60601,,
3/11/2024,,TEMESCAL WELLNESS OF M,CM-591662559,123 Business St,,,,,,,,Chicago,IL,US,60601,,
3/11/2024,,TERMINOLOGY INC,CM-325172520494,123 Business St,,,,,,,,Chicago,IL,US,60601,,
3/11/2024,,THE DOE STORE LLC,CM-5000217884,123 Business St,,,,,,,,Chicago,IL,US,60601,,
3/11/2024,,THE DOSE LLC,CM-501027065873,123 Business St,,,,,,,,Chicago,IL,US,60601,,
3/11/2024,,THE GREEN GODDESS INC,CM-2432304240,123 Business St,,,,,,,,Chicago,IL,US,60601,,
3/11/2024,,THE GROVE,CM-01900010691,123 Business St,,,,,,,,Chicago,IL,US,60601,,
3/11/2024,,THE HANGING GARDENS FA,CM-7447076,123 Business St,,,,,,,,Chicago,IL,US,60601,,
3/11/2024,,"THE HIGHEST CRAFT, LLC",CM-10001763471113,123 Business St,,,,,,,,Chicago,IL,US,60601,,
3/11/2024,,THE NEXT CHAPTER NY,CM-12489002669735,123 Business St,,,,,,,,Chicago,IL,US,60601,,
3/11/2024,,THOMAS C SLATER COMPAS,CM-3400160630,123 Business St,,,,,,,,Chicago,IL,US,60601,,
3/11/2024,,THREE RIVERS NV LLC,CM-1030007548119,123 Business St,,,,,,,,Chicago,IL,US,60601,,
3/11/2024,,TOP SHELF MEDICINALS,CM-912004174,123 Business St,,,,,,,,Chicago,IL,US,60601,,
3/11/2024,,TOROVERDE II INC,CM-19018709,123 Business St,,,,,,,,Chicago,IL,US,60601,,
3/11/2024,,TOROVERDE INC,CM-19018695,123 Business St,,,,,,,,Chicago,IL,US,60601,,
3/11/2024,,TOROVERDE INC,CM-19018717,123 Business St,,,,,,,,Chicago,IL,US,60601,,
3/11/2024,,TRINITY MMJ LLC 2,CM-1754814,123 Business St,,,,,,,,Chicago,IL,US,60601,,
3/11/2024,,TRUE INVESTMENTS MIDTO,CM-106200369,123 Business St,,,,,,,,Chicago,IL,US,60601,,
3/11/2024,,TRUE INVESTMENTS PARKV,CM-106200360,123 Business St,,,,,,,,Chicago,IL,US,60601,,
3/11/2024,,VERTICAL FOUR INC,CM-001065234056,123 Business St,,,,,,,,Chicago,IL,US,60601,,
3/11/2024,,VILLAGE HOBOKEN LLC,CM-9974177606,123 Business St,,,,,,,,Chicago,IL,US,60601,,
3/11/2024,,WAYNE PRV INC,CM-13093647,123 Business St,,,,,,,,Chicago,IL,US,60601,,
3/11/2024,,WEST BRANCH PROVISIONI,CM-1137173,123 Business St,,,,,,,,Chicago,IL,US,60601,,
3/11/2024,,WOLF HOUSE PROPERTIES,CM-5410016413,123 Business St,,,,,,,,Chicago,IL,US,60601,,
3/11/2024,,Warren Ave LLC,CM-71450730100790,123 Business St,,,,,,,,Chicago,IL,US,60601,,